transaction_id,timestamp,sender_wallet,receiver_wallet,amount_btc,sender_label,receiver_label,scenario_type
tx_001,2026-08-03T09:12:41Z,bc1qgpfaf7kfgpqxgmvdpsdj05s6grka6gfputqftf,bc1q5feryxhrdz9m6y09mr8wrerwzgj6f8ntxvhxyr,0.0850,LEGITIMATE,LEGITIMATE,RETAIL_EXCHANGE_DEPOSIT
tx_002,2026-08-03T15:40:07Z,bc1q5feryxhrdz9m6y09mr8wrerwzgj6f8ntxvhxyr,bc1q78r57xr0v3zxupyu5v3u70svug68eu5y0mydn8,0.2200,LEGITIMATE,LEGITIMATE,EXCHANGE_WITHDRAWAL
tx_003,2026-08-04T10:05:33Z,bc1q78r57xr0v3zxupyu5v3u70svug68eu5y0mydn8,bc1qdlm5aahn0t09nl4ujy8624fl6zy54klay937yr,0.0310,LEGITIMATE,LEGITIMATE,MERCHANT_PAYMENT
tx_004,2026-08-05T16:22:18Z,bc1qgpfaf7kfgpqxgmvdpsdj05s6grka6gfputqftf,bc1qdlm5aahn0t09nl4ujy8624fl6zy54klay937yr,0.0180,LEGITIMATE,LEGITIMATE,MERCHANT_PAYMENT
tx_005,2026-08-05T18:47:02Z,bc1q5feryxhrdz9m6y09mr8wrerwzgj6f8ntxvhxyr,bc1qfhfsgawxel2w2me46vk59hp4aupc4jy8wx9s3z,0.3000,LEGITIMATE,LEGITIMATE,EXCHANGE_WITHDRAWAL
tx_006,2026-08-06T10:00:52Z,bc1qltsjqf6h5graeeeex7ervydu284rxqfxhpydcf,bc1q5feryxhrdz9m6y09mr8wrerwzgj6f8ntxvhxyr,12.5000,LEGITIMATE,LEGITIMATE,HIGH_VALUE_TREASURY_TRANSFER
tx_007,2026-08-07T11:30:26Z,bc1q5feryxhrdz9m6y09mr8wrerwzgj6f8ntxvhxyr,bc1qyu3cddy9fshg38hwllep2qluenf6kc584q54e8,0.1500,LEGITIMATE,LEGITIMATE,EXCHANGE_WITHDRAWAL
tx_008,2026-08-08T14:15:44Z,bc1qyu3cddy9fshg38hwllep2qluenf6kc584q54e8,bc1qdlm5aahn0t09nl4ujy8624fl6zy54klay937yr,0.0420,LEGITIMATE,LEGITIMATE,MERCHANT_PAYMENT
tx_009,2026-08-09T12:20:09Z,bc1qfhfsgawxel2w2me46vk59hp4aupc4jy8wx9s3z,bc1qdlm5aahn0t09nl4ujy8624fl6zy54klay937yr,0.0275,LEGITIMATE,LEGITIMATE,MERCHANT_PAYMENT
tx_010,2026-08-11T09:55:31Z,bc1q5feryxhrdz9m6y09mr8wrerwzgj6f8ntxvhxyr,bc1qt3gmsefl593rtmy3p9s9wys8aq463gz082srtv,0.4500,LEGITIMATE,LEGITIMATE,EXCHANGE_WITHDRAWAL
tx_011,2026-08-12T13:08:14Z,bc1qkpp37svkukh9wxw7v4d7q7k98cv7tm49eae922,bc1qdlm5aahn0t09nl4ujy8624fl6zy54klay937yr,0.3500,LEGITIMATE,LEGITIMATE,PROCESSOR_SETTLEMENT
tx_012,2026-08-14T08:00:12Z,bc1qltsjqf6h5graeeeex7ervydu284rxqfxhpydcf,bc1qnujckpak28lrdjg0eel92ue3gm36kcwf9tfwwq,2.6000,LEGITIMATE,LEGITIMATE,PAYROLL_FUNDING
tx_013,2026-08-14T08:09:47Z,bc1qnujckpak28lrdjg0eel92ue3gm36kcwf9tfwwq,bc1qcj0jzat23uqsh450zndktq4c973v0q9s9fezep,0.9500,LEGITIMATE,LEGITIMATE,PAYROLL_DISBURSEMENT
tx_014,2026-08-14T08:10:22Z,bc1qnujckpak28lrdjg0eel92ue3gm36kcwf9tfwwq,bc1qnnw9fc5lfjfzmgpw9pzghxcurp0lsqay9y7sys,0.8200,LEGITIMATE,LEGITIMATE,PAYROLL_DISBURSEMENT
tx_015,2026-08-14T08:11:05Z,bc1qnujckpak28lrdjg0eel92ue3gm36kcwf9tfwwq,bc1q0dwalcy7jzvyf4sngq7rl3xdljjaaa8vn97pja,0.7400,LEGITIMATE,LEGITIMATE,PAYROLL_DISBURSEMENT
tx_016,2026-08-15T19:45:26Z,bc1qcj0jzat23uqsh450zndktq4c973v0q9s9fezep,bc1qdlm5aahn0t09nl4ujy8624fl6zy54klay937yr,0.0420,LEGITIMATE,LEGITIMATE,MERCHANT_PAYMENT
tx_017,2026-08-17T13:30:48Z,bc1qt3gmsefl593rtmy3p9s9wys8aq463gz082srtv,bc1qdlm5aahn0t09nl4ujy8624fl6zy54klay937yr,0.0290,LEGITIMATE,LEGITIMATE,MERCHANT_PAYMENT
tx_018,2026-08-19T09:50:15Z,bc1qdlm5aahn0t09nl4ujy8624fl6zy54klay937yr,bc1q5feryxhrdz9m6y09mr8wrerwzgj6f8ntxvhxyr,0.4000,LEGITIMATE,LEGITIMATE,MERCHANT_EXCHANGE_SWEEP
tx_019,2026-08-20T15:15:37Z,bc1qnnw9fc5lfjfzmgpw9pzghxcurp0lsqay9y7sys,bc1q5feryxhrdz9m6y09mr8wrerwzgj6f8ntxvhxyr,0.3000,LEGITIMATE,LEGITIMATE,RETAIL_EXCHANGE_DEPOSIT
tx_020,2026-08-22T12:05:21Z,bc1q5feryxhrdz9m6y09mr8wrerwzgj6f8ntxvhxyr,bc1qnndjut3kpszqpv70uxmlendw4vgekrgqysm2r9,0.2500,LEGITIMATE,LEGITIMATE,EXCHANGE_WITHDRAWAL
tx_021,2026-08-26T10:20:59Z,bc1qkpp37svkukh9wxw7v4d7q7k98cv7tm49eae922,bc1qdlm5aahn0t09nl4ujy8624fl6zy54klay937yr,0.3500,LEGITIMATE,LEGITIMATE,PROCESSOR_SETTLEMENT
tx_022,2026-08-28T08:00:31Z,bc1qltsjqf6h5graeeeex7ervydu284rxqfxhpydcf,bc1qnujckpak28lrdjg0eel92ue3gm36kcwf9tfwwq,2.6000,LEGITIMATE,LEGITIMATE,PAYROLL_FUNDING
tx_023,2026-08-28T08:09:47Z,bc1qnujckpak28lrdjg0eel92ue3gm36kcwf9tfwwq,bc1qcj0jzat23uqsh450zndktq4c973v0q9s9fezep,0.9500,LEGITIMATE,LEGITIMATE,PAYROLL_DISBURSEMENT
tx_024,2026-08-28T08:10:22Z,bc1qnujckpak28lrdjg0eel92ue3gm36kcwf9tfwwq,bc1qnnw9fc5lfjfzmgpw9pzghxcurp0lsqay9y7sys,0.8200,LEGITIMATE,LEGITIMATE,PAYROLL_DISBURSEMENT
tx_025,2026-08-28T08:11:05Z,bc1qnujckpak28lrdjg0eel92ue3gm36kcwf9tfwwq,bc1q0dwalcy7jzvyf4sngq7rl3xdljjaaa8vn97pja,0.7400,LEGITIMATE,LEGITIMATE,PAYROLL_DISBURSEMENT
tx_026,2026-08-30T16:40:12Z,bc1qnndjut3kpszqpv70uxmlendw4vgekrgqysm2r9,bc1qdlm5aahn0t09nl4ujy8624fl6zy54klay937yr,0.0350,LEGITIMATE,LEGITIMATE,MERCHANT_PAYMENT
tx_027,2026-09-01T10:00:00Z,bc1qltsjqf6h5graeeeex7ervydu284rxqfxhpydcf,bc1qskh788la77n9fx4s72pdhfpn9sh2kw4wv0ewvl,6.0000,LEGITIMATE,LEGITIMATE,HIGH_VALUE_CUSTODY_ALLOCATION
tx_028,2026-09-02T14:12:36Z,bc1q5feryxhrdz9m6y09mr8wrerwzgj6f8ntxvhxyr,bc1qgpfaf7kfgpqxgmvdpsdj05s6grka6gfputqftf,0.3500,LEGITIMATE,LEGITIMATE,EXCHANGE_WITHDRAWAL
tx_029,2026-09-03T09:20:18Z,bc1qyu3cddy9fshg38hwllep2qluenf6kc584q54e8,bc1qdlm5aahn0t09nl4ujy8624fl6zy54klay937yr,0.0195,LEGITIMATE,LEGITIMATE,MERCHANT_PAYMENT
tx_030,2026-09-04T15:33:52Z,bc1qdlm5aahn0t09nl4ujy8624fl6zy54klay937yr,bc1q5feryxhrdz9m6y09mr8wrerwzgj6f8ntxvhxyr,0.3000,LEGITIMATE,LEGITIMATE,MERCHANT_EXCHANGE_SWEEP
tx_031,2026-09-05T11:02:40Z,bc1q5feryxhrdz9m6y09mr8wrerwzgj6f8ntxvhxyr,bc1qkpp37svkukh9wxw7v4d7q7k98cv7tm49eae922,1.0000,LEGITIMATE,LEGITIMATE,PROCESSOR_FUNDING
tx_032,2026-09-06T10:14:27Z,bc1q5feryxhrdz9m6y09mr8wrerwzgj6f8ntxvhxyr,bc1qyu3cddy9fshg38hwllep2qluenf6kc584q54e8,0.0800,LEGITIMATE,LEGITIMATE,EXCHANGE_WITHDRAWAL
tx_033,2026-09-07T01:12:14Z,bc1qvqjshyecyhm3r3xrjf03m5vhmped9r6ugjlrg2,bc1qyu3cddy9fshg38hwllep2qluenf6kc584q54e8,3.2000,SUSPICIOUS,SUSPICIOUS,SUDDEN_INFLOW_ANOMALY
tx_034,2026-09-07T01:20:37Z,bc1qyu3cddy9fshg38hwllep2qluenf6kc584q54e8,bc1q764jnsse0n7e822ydlwu4umgv09t4950hsvp6c,0.8000,SUSPICIOUS,SUSPICIOUS,FAN_OUT_SPLITTING
tx_035,2026-09-07T01:22:05Z,bc1qyu3cddy9fshg38hwllep2qluenf6kc584q54e8,bc1q6dc34rl3hgd930ceumnpgzm7lqyeau0xwffxa9,0.7900,SUSPICIOUS,SUSPICIOUS,FAN_OUT_SPLITTING
tx_036,2026-09-07T01:23:41Z,bc1qyu3cddy9fshg38hwllep2qluenf6kc584q54e8,bc1qzqgwzngsm8xynvcswqqna350700p6nrpvl69sw,0.7800,SUSPICIOUS,SUSPICIOUS,FAN_OUT_SPLITTING
tx_037,2026-09-07T01:25:09Z,bc1qyu3cddy9fshg38hwllep2qluenf6kc584q54e8,bc1qmhwlz46hevqjydlvnvwawsjxltwl6rferdpf6r,0.7700,SUSPICIOUS,SUSPICIOUS,FAN_OUT_SPLITTING
tx_038,2026-09-07T01:41:22Z,bc1q764jnsse0n7e822ydlwu4umgv09t4950hsvp6c,bc1qrteu58924vtaznch4u2xq939k68dcknm9r7vhu,0.7900,SUSPICIOUS,SUSPICIOUS,RAPID_MULTI_HOP
tx_039,2026-09-07T01:47:50Z,bc1qrteu58924vtaznch4u2xq939k68dcknm9r7vhu,bc1qv5h7p60ezczayrsvy4h34zs53nqypwx7acsmlg,0.7880,SUSPICIOUS,SUSPICIOUS,RAPID_MULTI_HOP
tx_040,2026-09-07T01:53:18Z,bc1qv5h7p60ezczayrsvy4h34zs53nqypwx7acsmlg,bc1qltqnf055ah9ve206yz752mxys9dx6lutwg6a08,0.7860,SUSPICIOUS,SUSPICIOUS,RAPID_MULTI_HOP
tx_041,2026-09-07T02:10:03Z,bc1q6dc34rl3hgd930ceumnpgzm7lqyeau0xwffxa9,bc1qjj33hssvu0t00fjv5yes0wxazxq7wuhzjw8rvv,0.7800,SUSPICIOUS,SUSPICIOUS,FAN_IN_CONSOLIDATION
tx_042,2026-09-07T02:12:40Z,bc1qzqgwzngsm8xynvcswqqna350700p6nrpvl69sw,bc1qjj33hssvu0t00fjv5yes0wxazxq7wuhzjw8rvv,0.7700,SUSPICIOUS,SUSPICIOUS,FAN_IN_CONSOLIDATION
tx_043,2026-09-07T02:15:28Z,bc1qmhwlz46hevqjydlvnvwawsjxltwl6rferdpf6r,bc1qjj33hssvu0t00fjv5yes0wxazxq7wuhzjw8rvv,0.7600,SUSPICIOUS,SUSPICIOUS,FAN_IN_CONSOLIDATION
tx_044,2026-09-07T02:18:55Z,bc1qltqnf055ah9ve206yz752mxys9dx6lutwg6a08,bc1qjj33hssvu0t00fjv5yes0wxazxq7wuhzjw8rvv,0.7850,SUSPICIOUS,SUSPICIOUS,FAN_IN_CONSOLIDATION
tx_045,2026-09-07T03:05:31Z,bc1qjj33hssvu0t00fjv5yes0wxazxq7wuhzjw8rvv,bc1qyhtusqxkdzh4fzdszdq56htnydzl7y6xef92e3,2.0000,SUSPICIOUS,SUSPICIOUS,CASHOUT_LAYERING
tx_046,2026-09-07T03:12:47Z,bc1qyhtusqxkdzh4fzdszdq56htnydzl7y6xef92e3,bc1q5feryxhrdz9m6y09mr8wrerwzgj6f8ntxvhxyr,1.9800,SUSPICIOUS,LEGITIMATE,CASHOUT_TO_EXCHANGE
tx_047,2026-09-10T14:48:20Z,bc1qt3gmsefl593rtmy3p9s9wys8aq463gz082srtv,bc1q5feryxhrdz9m6y09mr8wrerwzgj6f8ntxvhxyr,0.1500,LEGITIMATE,LEGITIMATE,RETAIL_EXCHANGE_DEPOSIT
tx_048,2026-09-11T08:00:19Z,bc1qltsjqf6h5graeeeex7ervydu284rxqfxhpydcf,bc1qnujckpak28lrdjg0eel92ue3gm36kcwf9tfwwq,2.6000,LEGITIMATE,LEGITIMATE,PAYROLL_FUNDING
tx_049,2026-09-11T08:09:47Z,bc1qnujckpak28lrdjg0eel92ue3gm36kcwf9tfwwq,bc1qcj0jzat23uqsh450zndktq4c973v0q9s9fezep,0.9500,LEGITIMATE,LEGITIMATE,PAYROLL_DISBURSEMENT
tx_050,2026-09-11T08:10:22Z,bc1qnujckpak28lrdjg0eel92ue3gm36kcwf9tfwwq,bc1qnnw9fc5lfjfzmgpw9pzghxcurp0lsqay9y7sys,0.8200,LEGITIMATE,LEGITIMATE,PAYROLL_DISBURSEMENT
tx_051,2026-09-11T08:11:05Z,bc1qnujckpak28lrdjg0eel92ue3gm36kcwf9tfwwq,bc1q0dwalcy7jzvyf4sngq7rl3xdljjaaa8vn97pja,0.7400,LEGITIMATE,LEGITIMATE,PAYROLL_DISBURSEMENT
tx_052,2026-09-12T12:02:11Z,bc1qgpfaf7kfgpqxgmvdpsdj05s6grka6gfputqftf,bc1qdlm5aahn0t09nl4ujy8624fl6zy54klay937yr,0.0150,LEGITIMATE,LEGITIMATE,MERCHANT_SALE_BURST
tx_053,2026-09-12T12:07:36Z,bc1q78r57xr0v3zxupyu5v3u70svug68eu5y0mydn8,bc1qdlm5aahn0t09nl4ujy8624fl6zy54klay937yr,0.0220,LEGITIMATE,LEGITIMATE,MERCHANT_SALE_BURST
tx_054,2026-09-12T12:13:52Z,bc1qfhfsgawxel2w2me46vk59hp4aupc4jy8wx9s3z,bc1qdlm5aahn0t09nl4ujy8624fl6zy54klay937yr,0.0310,LEGITIMATE,LEGITIMATE,MERCHANT_SALE_BURST
tx_055,2026-09-12T12:19:08Z,bc1qt3gmsefl593rtmy3p9s9wys8aq463gz082srtv,bc1qdlm5aahn0t09nl4ujy8624fl6zy54klay937yr,0.0520,LEGITIMATE,LEGITIMATE,MERCHANT_SALE_BURST
tx_056,2026-09-12T12:24:41Z,bc1qnndjut3kpszqpv70uxmlendw4vgekrgqysm2r9,bc1qdlm5aahn0t09nl4ujy8624fl6zy54klay937yr,0.0180,LEGITIMATE,LEGITIMATE,MERCHANT_SALE_BURST
tx_057,2026-09-12T12:30:57Z,bc1qcj0jzat23uqsh450zndktq4c973v0q9s9fezep,bc1qdlm5aahn0t09nl4ujy8624fl6zy54klay937yr,0.0270,LEGITIMATE,LEGITIMATE,MERCHANT_SALE_BURST
tx_058,2026-09-14T10:20:33Z,bc1qskh788la77n9fx4s72pdhfpn9sh2kw4wv0ewvl,bc1q5feryxhrdz9m6y09mr8wrerwzgj6f8ntxvhxyr,2.0000,LEGITIMATE,LEGITIMATE,CUSTODY_EXCHANGE_TRANSFER
tx_059,2026-09-16T13:05:47Z,bc1qkpp37svkukh9wxw7v4d7q7k98cv7tm49eae922,bc1qdlm5aahn0t09nl4ujy8624fl6zy54klay937yr,0.3500,LEGITIMATE,LEGITIMATE,PROCESSOR_SETTLEMENT
tx_060,2026-09-19T02:40:22Z,bc1qvqjshyecyhm3r3xrjf03m5vhmped9r6ugjlrg2,bc1qyu3cddy9fshg38hwllep2qluenf6kc584q54e8,0.6000,SUSPICIOUS,SUSPICIOUS,SUDDEN_INFLOW_ANOMALY
tx_061,2026-09-19T03:02:14Z,bc1qyu3cddy9fshg38hwllep2qluenf6kc584q54e8,bc1qrteu58924vtaznch4u2xq939k68dcknm9r7vhu,0.1100,SUSPICIOUS,SUSPICIOUS,ACTIVITY_BURST_STRUCTURING
tx_062,2026-09-19T03:07:39Z,bc1qyu3cddy9fshg38hwllep2qluenf6kc584q54e8,bc1qrteu58924vtaznch4u2xq939k68dcknm9r7vhu,0.1050,SUSPICIOUS,SUSPICIOUS,ACTIVITY_BURST_STRUCTURING
tx_063,2026-09-19T03:11:56Z,bc1qyu3cddy9fshg38hwllep2qluenf6kc584q54e8,bc1qrteu58924vtaznch4u2xq939k68dcknm9r7vhu,0.1100,SUSPICIOUS,SUSPICIOUS,ACTIVITY_BURST_STRUCTURING
tx_064,2026-09-19T03:19:21Z,bc1qyu3cddy9fshg38hwllep2qluenf6kc584q54e8,bc1qrteu58924vtaznch4u2xq939k68dcknm9r7vhu,0.1150,SUSPICIOUS,SUSPICIOUS,ACTIVITY_BURST_STRUCTURING
tx_065,2026-09-19T03:26:48Z,bc1qyu3cddy9fshg38hwllep2qluenf6kc584q54e8,bc1qrteu58924vtaznch4u2xq939k68dcknm9r7vhu,0.1100,SUSPICIOUS,SUSPICIOUS,ACTIVITY_BURST_STRUCTURING
tx_066,2026-09-19T04:05:10Z,bc1qrteu58924vtaznch4u2xq939k68dcknm9r7vhu,bc1qjj33hssvu0t00fjv5yes0wxazxq7wuhzjw8rvv,0.5400,SUSPICIOUS,SUSPICIOUS,FAN_IN_CONSOLIDATION
tx_067,2026-09-21T15:30:24Z,bc1qdlm5aahn0t09nl4ujy8624fl6zy54klay937yr,bc1q5feryxhrdz9m6y09mr8wrerwzgj6f8ntxvhxyr,0.6000,LEGITIMATE,LEGITIMATE,MERCHANT_EXCHANGE_SWEEP
tx_068,2026-09-25T04:10:05Z,bc1qjj33hssvu0t00fjv5yes0wxazxq7wuhzjw8rvv,bc1qv5h7p60ezczayrsvy4h34zs53nqypwx7acsmlg,1.5000,SUSPICIOUS,SUSPICIOUS,RAPID_MULTI_HOP
tx_069,2026-09-25T04:16:44Z,bc1qv5h7p60ezczayrsvy4h34zs53nqypwx7acsmlg,bc1qzqgwzngsm8xynvcswqqna350700p6nrpvl69sw,1.4900,SUSPICIOUS,SUSPICIOUS,RAPID_MULTI_HOP
tx_070,2026-09-25T04:22:31Z,bc1qzqgwzngsm8xynvcswqqna350700p6nrpvl69sw,bc1qyhtusqxkdzh4fzdszdq56htnydzl7y6xef92e3,1.4800,SUSPICIOUS,SUSPICIOUS,RAPID_MULTI_HOP
tx_071,2026-09-25T04:28:52Z,bc1qyhtusqxkdzh4fzdszdq56htnydzl7y6xef92e3,bc1qskh788la77n9fx4s72pdhfpn9sh2kw4wv0ewvl,1.4700,SUSPICIOUS,LEGITIMATE,CASHOUT_TO_CUSTODY
tx_072,2026-09-25T08:00:44Z,bc1qltsjqf6h5graeeeex7ervydu284rxqfxhpydcf,bc1qnujckpak28lrdjg0eel92ue3gm36kcwf9tfwwq,2.6000,LEGITIMATE,LEGITIMATE,PAYROLL_FUNDING
tx_073,2026-09-25T08:09:47Z,bc1qnujckpak28lrdjg0eel92ue3gm36kcwf9tfwwq,bc1qcj0jzat23uqsh450zndktq4c973v0q9s9fezep,0.9500,LEGITIMATE,LEGITIMATE,PAYROLL_DISBURSEMENT
tx_074,2026-09-25T08:10:22Z,bc1qnujckpak28lrdjg0eel92ue3gm36kcwf9tfwwq,bc1qnnw9fc5lfjfzmgpw9pzghxcurp0lsqay9y7sys,0.8200,LEGITIMATE,LEGITIMATE,PAYROLL_DISBURSEMENT
tx_075,2026-09-25T08:11:05Z,bc1qnujckpak28lrdjg0eel92ue3gm36kcwf9tfwwq,bc1q0dwalcy7jzvyf4sngq7rl3xdljjaaa8vn97pja,0.7400,LEGITIMATE,LEGITIMATE,PAYROLL_DISBURSEMENT
